{
  "n_sessions": 79,
  "n_deals": 33,
  "n_walks": 29,
  "n_timeouts": 17,
  "close_rate": 0.4177215189873418,
  "mean_premium_over_true_when_deal": 0.1390468597008241,
  "mean_premium_over_listed_when_deal": -0.01822632956420172,
  "premium_by_seller_persona": {
    "slimy": 0.1390468597008241
  },
  "premium_by_buyer_persona": {
    "casual": 0.15258220125724076,
    "engineer": 0.003693444136657433
  },
  "premium_by_seller_x_buyer": {
    "slimy__x__casual": 0.15258220125724076,
    "slimy__x__engineer": 0.003693444136657433
  },
  "close_rate_by_seller_x_buyer": {
    "slimy__x__casual": 0.75,
    "slimy__x__engineer": 0.07692307692307693
  },
  "premium_by_tactic_x_buyer": {},
  "premium_by_buyer_model": {
    "gemini-flash": 0.15712010915377644,
    "haiku": 0.12119778986789896,
    "gpt4o-mini": 0.12583373400863948,
    "opus": 0.1486176635561773
  },
  "premium_by_seller_model": {
    "gemini-flash": 0.1390468597008241
  },
  "close_rate_by_buyer_model": {
    "gemini-flash": 0.45,
    "haiku": 0.3,
    "gpt4o-mini": 0.5,
    "opus": 0.42105263157894735
  },
  "premium_by_buyer_model_x_persona": {
    "gemini-flash__x__casual": 0.17502882085894034,
    "haiku__x__casual": 0.12119778986789896,
    "gpt4o-mini__x__casual": 0.157638427898611,
    "opus__x__casual": 0.1486176635561773,
    "gpt4o-mini__x__engineer": -0.0013850415512465374,
    "gemini-flash__x__engineer": 0.013850415512465374
  },
  "mean_inspections_by_buyer_model": {
    "gemini-flash": 1.05,
    "haiku": 1.25,
    "gpt4o-mini": 0.55,
    "opus": 1.894736842105263
  },
  "mean_questions_by_buyer_model": {
    "gemini-flash": 3.1,
    "haiku": 4.5,
    "gpt4o-mini": 3.55,
    "opus": 5.315789473684211
  },
  "mean_turns_by_buyer_model": {
    "gemini-flash": 11.7,
    "haiku": 14.7,
    "gpt4o-mini": 11.8,
    "opus": 17.05263157894737
  },
  "n_deals_by_buyer_model": {
    "gemini-flash": 9,
    "haiku": 6,
    "gpt4o-mini": 10,
    "opus": 8
  }
}